Year,GEO_ID,CountyName,StateName,StateCode,CountyCode,TotalEstimate,TotalMargin
2013,0500000US51095,James City County,Virginia,51,95,76960,2165
2013,0500000US51167,Russell County,Virginia,51,167,33872,2120
2013,0500000US51173,Smyth County,Virginia,51,173,37239,2192
2013,0500000US51515,Bedford city,Virginia,51,515,35593,5834
2013,0500000US51678,Lexington city,Virginia,51,678,36505,6973
2013,0500000US51031,Campbell County,Virginia,51,31,47162,2374
2013,0500000US51089,Henry County,Virginia,51,89,34984,1207
2013,0500000US51099,King George County,Virginia,51,99,81753,3879
2013,0500000US51103,Lancaster County,Virginia,51,103,49248,5110
2013,0500000US51105,Lee County,Virginia,51,105,31308,1776
2013,0500000US51115,Mathews County,Virginia,51,115,55192,10862
2013,0500000US51147,Prince Edward County,Virginia,51,147,37436,3383
2013,0500000US51149,Prince George County,Virginia,51,149,63074,5194
2013,0500000US51165,Rockingham County,Virginia,51,165,52195,1698
2013,0500000US51169,Scott County,Virginia,51,169,38355,2238
2013,0500000US51181,Surry County,Virginia,51,181,47292,7922
2013,0500000US51011,Appomattox County,Virginia,51,11,50167,3948
2013,0500000US51067,Franklin County,Virginia,51,67,45624,1929
2013,0500000US51117,Mecklenburg County,Virginia,51,117,36261,2387
2013,0500000US51121,Montgomery County,Virginia,51,121,45543,1756
2013,0500000US51015,Augusta County,Virginia,51,15,52027,2204
2013,0500000US51049,Cumberland County,Virginia,51,49,40557,7133
2013,0500000US51075,Goochland County,Virginia,51,75,80976,5829
2013,0500000US51083,Halifax County,Virginia,51,83,34659,2268
2013,0500000US51113,Madison County,Virginia,51,113,53459,3128
2013,0500000US51153,Prince William County,Virginia,51,153,98071,1668
2013,0500000US51175,Southampton County,Virginia,51,175,46150,3633
2013,0500000US51025,Brunswick County,Virginia,51,25,36293,2482
2013,0500000US51033,Caroline County,Virginia,51,33,57218,4588
2013,0500000US51131,Northampton County,Virginia,51,131,33635,4481
2013,0500000US51141,Patrick County,Virginia,51,141,34864,2345
2013,0500000US51163,Rockbridge County,Virginia,51,163,48313,3448
2013,0500000US51171,Shenandoah County,Virginia,51,171,49625,2770
2013,0500000US51720,Norton city,Virginia,51,720,39416,8522
2013,0500000US51790,Staunton city,Virginia,51,790,38501,2246
2013,0500000US51065,Fluvanna County,Virginia,51,65,68288,3968
2013,0500000US51007,Amelia County,Virginia,51,7,52885,4718
2013,0500000US51750,Radford city,Virginia,51,750,30714,5936
2013,0500000US51840,Winchester city,Virginia,51,840,44200,2441
2013,0500000US51001,Accomack County,Virginia,51,1,39328,3034
2013,0500000US51045,Craig County,Virginia,51,45,47806,7364
2013,0500000US51063,Floyd County,Virginia,51,63,44618,3719
2013,0500000US51071,Giles County,Virginia,51,71,45141,2777
2013,0500000US51077,Grayson County,Virginia,51,77,30710,3106
2013,0500000US51135,Nottoway County,Virginia,51,135,36607,2571
2013,0500000US51157,Rappahannock County,Virginia,51,157,56438,6082
2013,0500000US51036,Charles City County,Virginia,51,36,48428,2018
2013,0500000US51047,Culpeper County,Virginia,51,47,64423,4002
2013,0500000US51053,Dinwiddie County,Virginia,51,53,52027,2185
2013,0500000US51079,Greene County,Virginia,51,79,59358,3928
2013,0500000US51085,Hanover County,Virginia,51,85,75070,1936
2013,0500000US51111,Lunenburg County,Virginia,51,111,35237,3721
2013,0500000US51137,Orange County,Virginia,51,137,60287,2908
2013,0500000US51595,Emporia city,Virginia,51,595,32155,4192
2013,0500000US51197,Wythe County,Virginia,51,197,41275,2416
2013,0500000US51570,Colonial Heights city,Virginia,51,570,50835,3026
2013,0500000US51660,Harrisonburg city,Virginia,51,660,38048,2089
2013,0500000US51021,Bland County,Virginia,51,21,42139,3626
2013,0500000US51023,Botetourt County,Virginia,51,23,65935,3632
2013,0500000US51029,Buckingham County,Virginia,51,29,38648,2875
2013,0500000US51520,Bristol city,Virginia,51,520,32221,3099
2013,0500000US51580,Covington city,Virginia,51,580,34319,3077
2013,0500000US51830,Williamsburg city,Virginia,51,830,48616,2700
2013,0500000US51810,Virginia Beach city,Virginia,51,810,65219,859
2013,0500000US51035,Carroll County,Virginia,51,35,32853,2192
2013,0500000US51191,Washington County,Virginia,51,191,41897,2436
2013,0500000US51193,Westmoreland County,Virginia,51,193,49157,3913
2013,0500000US51139,Page County,Virginia,51,139,42906,2147
2013,0500000US51155,Pulaski County,Virginia,51,155,44312,2021
2013,0500000US51510,Alexandria city,Virginia,51,510,85706,2296
2013,0500000US51590,Danville city,Virginia,51,590,30786,1595
2013,0500000US51650,Hampton city,Virginia,51,650,50705,1412
2013,0500000US51009,Amherst County,Virginia,51,9,44945,3149
2013,0500000US51017,Bath County,Virginia,51,17,51365,6510
2013,0500000US51027,Buchanan County,Virginia,51,27,29848,2537
2013,0500000US51700,Newport News city,Virginia,51,700,51027,966
2013,0500000US51179,Stafford County,Virginia,51,179,97110,2291
2013,0500000US51680,Lynchburg city,Virginia,51,680,38138,1832
2013,0500000US51760,Richmond city,Virginia,51,760,40496,963
2013,0500000US51690,Martinsville city,Virginia,51,690,28116,3512
2013,0500000US51057,Essex County,Virginia,51,57,44885,4502
2013,0500000US51185,Tazewell County,Virginia,51,185,35693,2281
2013,0500000US51530,Buena Vista city,Virginia,51,530,36591,8171
2013,0500000US51685,Manassas Park city,Virginia,51,685,71227,4405
2013,0500000US51730,Petersburg city,Virginia,51,730,34424,2621
2013,0500000US51183,Sussex County,Virginia,51,183,39635,3529
2013,0500000US51600,Fairfax city,Virginia,51,600,97242,7930
2013,0500000US51683,Manassas city,Virginia,51,683,71036,3067
2013,0500000US51770,Roanoke city,Virginia,51,770,38145,1657
2013,0500000US51800,Suffolk city,Virginia,51,800,66085,1952
2013,0500000US51037,Charlotte County,Virginia,51,37,33015,3482
2013,0500000US51041,Chesterfield County,Virginia,51,41,72088,1012
2013,0500000US51081,Greensville County,Virginia,51,81,39697,3664
2013,0500000US51093,Isle of Wight County,Virginia,51,93,63942,1998
2013,0500000US51620,Franklin city,Virginia,51,620,31928,2679
2013,0500000US51540,Charlottesville city,Virginia,51,540,44601,3664
2013,0500000US51087,Henrico County,Virginia,51,87,61048,1013
2013,0500000US51101,King William County,Virginia,51,101,62670,3400
2013,0500000US51109,Louisa County,Virginia,51,109,54518,4024
2013,0500000US51119,Middlesex County,Virginia,51,119,53309,4393
2013,0500000US51159,Richmond County,Virginia,51,159,47083,6346
2013,0500000US51177,Spotsylvania County,Virginia,51,177,78345,2456
2013,0500000US51043,Clarke County,Virginia,51,43,77597,6142
2013,0500000US51097,King and Queen County,Virginia,51,97,48372,3388
2013,0500000US51127,New Kent County,Virginia,51,127,70618,4365
2013,0500000US51051,Dickenson County,Virginia,51,51,33318,2122
2013,0500000US51107,Loudoun County,Virginia,51,107,122238,1652
2013,0500000US51161,Roanoke County,Virginia,51,161,60795,1898
2013,0500000US51091,Highland County,Virginia,51,91,49625,7714
2013,0500000US51073,Gloucester County,Virginia,51,73,60519,2722
2013,0500000US51145,Powhatan County,Virginia,51,145,76548,5576
2013,0500000US51061,Fauquier County,Virginia,51,61,88409,3809
2013,0500000US51550,Chesapeake city,Virginia,51,550,69743,1753
2013,0500000US51003,Albemarle County,Virginia,51,3,67725,2567
2013,0500000US51019,Bedford County,Virginia,51,19,57596,2027
2013,0500000US51195,Wise County,Virginia,51,195,36218,1642
2013,0500000US51740,Portsmouth city,Virginia,51,740,46166,1500
2013,0500000US51005,Alleghany County,Virginia,51,5,44848,2336
2013,0500000US51640,Galax city,Virginia,51,640,30325,4344
2013,0500000US51133,Northumberland County,Virginia,51,133,51342,4369
2013,0500000US51187,Warren County,Virginia,51,187,61610,3321
2013,0500000US51630,Fredericksburg city,Virginia,51,630,47040,3240
2013,0500000US51013,Arlington County,Virginia,51,13,103208,2096
2013,0500000US51670,Hopewell city,Virginia,51,670,37933,2313
2013,0500000US51069,Frederick County,Virginia,51,69,68424,2800
2013,0500000US51199,York County,Virginia,51,199,82073,2253
2013,0500000US51125,Nelson County,Virginia,51,125,48789,3464
2013,0500000US51143,Pittsylvania County,Virginia,51,143,42143,1383
2013,0500000US51610,Falls Church city,Virginia,51,610,120000,10585
2013,0500000US51735,Poquoson city,Virginia,51,735,81892,7214
2013,0500000US51820,Waynesboro city,Virginia,51,820,44847,2922
2013,0500000US51775,Salem city,Virginia,51,775,48733,3207
2013,0500000US51710,Norfolk city,Virginia,51,710,44747,1097
2013,0500000US51059,Fairfax County,Virginia,51,59,110292,933
2014,0500000US51095,James City County,Virginia,51,95,76705,2556
2014,0500000US51167,Russell County,Virginia,51,167,34768,3584
2014,0500000US51173,Smyth County,Virginia,51,173,37880,1991
2014,0500000US51540,Charlottesville city,Virginia,51,540,47218,3095
2014,0500000US51031,Campbell County,Virginia,51,31,47055,2629
2014,0500000US51087,Henrico County,Virginia,51,87,61438,1048
2014,0500000US51099,King George County,Virginia,51,99,83071,5434
2014,0500000US51103,Lancaster County,Virginia,51,103,49456,3365
2014,0500000US51105,Lee County,Virginia,51,105,31264,1981
2014,0500000US51115,Mathews County,Virginia,51,115,63157,6196
2014,0500000US51119,Middlesex County,Virginia,51,119,54452,4095
2014,0500000US51149,Prince George County,Virginia,51,149,61071,3301
2014,0500000US51159,Richmond County,Virginia,51,159,47199,4654
2014,0500000US51169,Scott County,Virginia,51,169,36579,2756
2014,0500000US51177,Spotsylvania County,Virginia,51,177,78505,2156
2014,0500000US51011,Appomattox County,Virginia,51,11,47927,3002
2014,0500000US51067,Franklin County,Virginia,51,67,44827,2817
2014,0500000US51049,Cumberland County,Virginia,51,49,41484,5959
2014,0500000US51097,King and Queen County,Virginia,51,97,47804,3103
2014,0500000US51121,Montgomery County,Virginia,51,121,44810,2199
2014,0500000US51127,New Kent County,Virginia,51,127,73030,5344
2014,0500000US51051,Dickenson County,Virginia,51,51,33106,2226
2014,0500000US51083,Halifax County,Virginia,51,83,35093,2059
2014,0500000US51107,Loudoun County,Virginia,51,107,123966,1443
2014,0500000US51153,Prince William County,Virginia,51,153,98514,1689
2014,0500000US51175,Southampton County,Virginia,51,175,49690,4434
2014,0500000US51091,Highland County,Virginia,51,91,44132,5784
2014,0500000US51033,Caroline County,Virginia,51,33,58417,3012
2014,0500000US51073,Gloucester County,Virginia,51,73,60980,4774
2014,0500000US51141,Patrick County,Virginia,51,141,34753,2684
2014,0500000US51145,Powhatan County,Virginia,51,145,75447,4434
2014,0500000US51171,Shenandoah County,Virginia,51,171,47936,2949
2014,0500000US51061,Fauquier County,Virginia,51,61,92078,3739
2014,0500000US51790,Staunton city,Virginia,51,790,39982,2611
2014,0500000US51065,Fluvanna County,Virginia,51,65,64641,2895
2014,0500000US51007,Amelia County,Virginia,51,7,55870,6467
2014,0500000US51750,Radford city,Virginia,51,750,30284,6026
2014,0500000US51840,Winchester city,Virginia,51,840,44731,2463
2014,0500000US51001,Accomack County,Virginia,51,1,39389,2682
2014,0500000US51045,Craig County,Virginia,51,45,46658,7656
2014,0500000US51063,Floyd County,Virginia,51,63,47543,4382
2014,0500000US51071,Giles County,Virginia,51,71,45919,2245
2014,0500000US51077,Grayson County,Virginia,51,77,28892,1738
2014,0500000US51135,Nottoway County,Virginia,51,135,35911,3365
2014,0500000US51157,Rappahannock County,Virginia,51,157,59753,4922
2014,0500000US51036,Charles City County,Virginia,51,36,48088,3539
2014,0500000US51047,Culpeper County,Virginia,51,47,65235,3402
2014,0500000US51053,Dinwiddie County,Virginia,51,53,52328,2521
2014,0500000US51079,Greene County,Virginia,51,79,63739,5386
2014,0500000US51085,Hanover County,Virginia,51,85,77550,2122
2014,0500000US51111,Lunenburg County,Virginia,51,111,37881,3376
2014,0500000US51137,Orange County,Virginia,51,137,63538,3159
2014,0500000US51595,Emporia city,Virginia,51,595,30240,6273
2014,0500000US51197,Wythe County,Virginia,51,197,40185,2450
2014,0500000US51550,Chesapeake city,Virginia,51,550,70176,1583
2014,0500000US51660,Harrisonburg city,Virginia,51,660,38807,2285
2014,0500000US51003,Albemarle County,Virginia,51,3,67958,3606
2014,0500000US51019,Bedford County,Virginia,51,19,56043,1550
2014,0500000US51029,Buckingham County,Virginia,51,29,38484,3145
2014,0500000US51195,Wise County,Virginia,51,195,37357,2403
2014,0500000US51580,Covington city,Virginia,51,580,38176,4946
2014,0500000US51740,Portsmouth city,Virginia,51,740,46239,1421
2014,0500000US51810,Virginia Beach city,Virginia,51,810,67001,938
2014,0500000US51005,Alleghany County,Virginia,51,5,45183,2986
2014,0500000US51640,Galax city,Virginia,51,640,30430,4273
2014,0500000US51193,Westmoreland County,Virginia,51,193,48750,6400
2014,0500000US51133,Northumberland County,Virginia,51,133,50774,3849
2014,0500000US51155,Pulaski County,Virginia,51,155,45635,2909
2014,0500000US51187,Warren County,Virginia,51,187,60560,4674
2014,0500000US51017,Bath County,Virginia,51,17,46153,5766
2014,0500000US51590,Danville city,Virginia,51,590,32173,1426
2014,0500000US51630,Fredericksburg city,Virginia,51,630,49454,3074
2014,0500000US51009,Amherst County,Virginia,51,9,44765,2799
2014,0500000US51670,Hopewell city,Virginia,51,670,39156,2372
2014,0500000US51700,Newport News city,Virginia,51,700,51000,1081
2014,0500000US51069,Frederick County,Virginia,51,69,68719,3058
2014,0500000US51680,Lynchburg city,Virginia,51,680,39391,1539
2014,0500000US51199,York County,Virginia,51,199,80900,2698
2014,0500000US51690,Martinsville city,Virginia,51,690,27746,3802
2014,0500000US51125,Nelson County,Virginia,51,125,50131,4827
2014,0500000US51143,Pittsylvania County,Virginia,51,143,42311,1548
2014,0500000US51530,Buena Vista city,Virginia,51,530,32789,6070
2014,0500000US51610,Falls Church city,Virginia,51,610,120500,7427
2014,0500000US51730,Petersburg city,Virginia,51,730,33927,2450
2014,0500000US51735,Poquoson city,Virginia,51,735,83460,8664
2014,0500000US51600,Fairfax city,Virginia,51,600,100584,6960
2014,0500000US51820,Waynesboro city,Virginia,51,820,45499,2620
2014,0500000US51770,Roanoke city,Virginia,51,770,39530,1248
2014,0500000US51800,Suffolk city,Virginia,51,800,66822,2281
2014,0500000US51710,Norfolk city,Virginia,51,710,44150,1021
2014,0500000US51041,Chesterfield County,Virginia,51,41,72514,992
2014,0500000US51059,Fairfax County,Virginia,51,59,112102,1006
2014,0500000US51093,Isle of Wight County,Virginia,51,93,65910,3178
2014,0500000US51620,Franklin city,Virginia,51,620,33133,4309
2014,0500000US51678,Lexington city,Virginia,51,678,36840,5818
2014,0500000US51089,Henry County,Virginia,51,89,34344,1278
2014,0500000US51101,King William County,Virginia,51,101,63560,4684
2014,0500000US51109,Louisa County,Virginia,51,109,57126,4429
2014,0500000US51147,Prince Edward County,Virginia,51,147,37238,4449
2014,0500000US51165,Rockingham County,Virginia,51,165,53728,1686
2014,0500000US51181,Surry County,Virginia,51,181,51527,5300
2014,0500000US51043,Clarke County,Virginia,51,43,75508,4978
2014,0500000US51117,Mecklenburg County,Virginia,51,117,37756,2719
2014,0500000US51015,Augusta County,Virginia,51,15,54018,1636
2014,0500000US51075,Goochland County,Virginia,51,75,82460,4541
2014,0500000US51113,Madison County,Virginia,51,113,51641,5412
2014,0500000US51161,Roanoke County,Virginia,51,161,60950,1892
2014,0500000US51025,Brunswick County,Virginia,51,25,37028,2324
2014,0500000US51131,Northampton County,Virginia,51,131,34656,3267
2014,0500000US51163,Rockbridge County,Virginia,51,163,48550,3554
2014,0500000US51720,Norton city,Virginia,51,720,36148,6926
2014,0500000US51570,Colonial Heights city,Virginia,51,570,52529,2919
2014,0500000US51021,Bland County,Virginia,51,21,43508,3429
2014,0500000US51023,Botetourt County,Virginia,51,23,63011,4542
2014,0500000US51520,Bristol city,Virginia,51,520,33616,4058
2014,0500000US51830,Williamsburg city,Virginia,51,830,48057,4448
2014,0500000US51035,Carroll County,Virginia,51,35,33495,2345
2014,0500000US51191,Washington County,Virginia,51,191,42458,2081
2014,0500000US51139,Page County,Virginia,51,139,43063,2189
2014,0500000US51510,Alexandria city,Virginia,51,510,87319,2506
2014,0500000US51650,Hampton city,Virginia,51,650,49879,1767
2014,0500000US51013,Arlington County,Virginia,51,13,105120,1902
2014,0500000US51027,Buchanan County,Virginia,51,27,29678,2188
2014,0500000US51179,Stafford County,Virginia,51,179,98721,2449
2014,0500000US51760,Richmond city,Virginia,51,760,41331,939
2014,0500000US51057,Essex County,Virginia,51,57,42143,4251
2014,0500000US51185,Tazewell County,Virginia,51,185,36248,1974
2014,0500000US51685,Manassas Park city,Virginia,51,685,73460,4357
2014,0500000US51183,Sussex County,Virginia,51,183,36972,4640
2014,0500000US51683,Manassas city,Virginia,51,683,71215,4388
2014,0500000US51775,Salem city,Virginia,51,775,50590,2117
2014,0500000US51037,Charlotte County,Virginia,51,37,34820,3203
2014,0500000US51081,Greensville County,Virginia,51,81,38933,4028
2015,0500000US51095,James City County,Virginia,51,95,75710,2922
2015,0500000US51167,Russell County,Virginia,51,167,35045,3038
2015,0500000US51173,Smyth County,Virginia,51,173,37983,1553
2015,0500000US51540,Charlottesville city,Virginia,51,540,49775,3042
2015,0500000US51031,Campbell County,Virginia,51,31,47699,2817
2015,0500000US51087,Henrico County,Virginia,51,87,61934,954
2015,0500000US51099,King George County,Virginia,51,99,81688,2511
2015,0500000US51103,Lancaster County,Virginia,51,103,50374,5580
2015,0500000US51105,Lee County,Virginia,51,105,31086,2013
2015,0500000US51115,Mathews County,Virginia,51,115,63845,5703
2015,0500000US51119,Middlesex County,Virginia,51,119,54654,2879
2015,0500000US51149,Prince George County,Virginia,51,149,61857,3468
2015,0500000US51159,Richmond County,Virginia,51,159,47288,6065
2015,0500000US51169,Scott County,Virginia,51,169,37240,1803
2015,0500000US51177,Spotsylvania County,Virginia,51,177,78125,2699
2015,0500000US51011,Appomattox County,Virginia,51,11,48823,2438
2015,0500000US51067,Franklin County,Virginia,51,67,46870,2784
2015,0500000US51097,King and Queen County,Virginia,51,97,48292,3864
2015,0500000US51121,Montgomery County,Virginia,51,121,46663,2521
2015,0500000US51127,New Kent County,Virginia,51,127,73041,6494
2015,0500000US51083,Halifax County,Virginia,51,83,35240,2552
2015,0500000US51107,Loudoun County,Virginia,51,107,123453,1436
2015,0500000US51153,Prince William County,Virginia,51,153,98657,1268
2015,0500000US51175,Southampton County,Virginia,51,175,48962,4005
2015,0500000US51091,Highland County,Virginia,51,91,43914,5532
2015,0500000US51033,Caroline County,Virginia,51,33,59227,4268
2015,0500000US51073,Gloucester County,Virginia,51,73,61121,4014
2015,0500000US51141,Patrick County,Virginia,51,141,33982,4111
2015,0500000US51145,Powhatan County,Virginia,51,145,77896,3407
2015,0500000US51171,Shenandoah County,Virginia,51,171,49406,3055
2015,0500000US51061,Fauquier County,Virginia,51,61,91609,3727
2015,0500000US51790,Staunton city,Virginia,51,790,40842,2458
2015,0500000US51065,Fluvanna County,Virginia,51,65,63938,3207
2015,0500000US51007,Amelia County,Virginia,51,7,56850,7882
2015,0500000US51750,Radford city,Virginia,51,750,29912,5745
2015,0500000US51840,Winchester city,Virginia,51,840,45363,2293
2015,0500000US51001,Accomack County,Virginia,51,1,39412,2723
2015,0500000US51045,Craig County,Virginia,51,45,44330,5528
2015,0500000US51063,Floyd County,Virginia,51,63,48005,4456
2015,0500000US51071,Giles County,Virginia,51,71,46390,1866
2015,0500000US51077,Grayson County,Virginia,51,77,29942,1952
2015,0500000US51135,Nottoway County,Virginia,51,135,36284,1965
2015,0500000US51157,Rappahannock County,Virginia,51,157,57210,4021
2015,0500000US51036,Charles City County,Virginia,51,36,49563,3732
2015,0500000US51047,Culpeper County,Virginia,51,47,66697,3512
2015,0500000US51053,Dinwiddie County,Virginia,51,53,51397,2129
2015,0500000US51079,Greene County,Virginia,51,79,61550,5109
2015,0500000US51085,Hanover County,Virginia,51,85,78645,2618
2015,0500000US51111,Lunenburg County,Virginia,51,111,39506,3696
2015,0500000US51137,Orange County,Virginia,51,137,65166,2789
2015,0500000US51595,Emporia city,Virginia,51,595,28601,5096
2015,0500000US51197,Wythe County,Virginia,51,197,41360,2679
2015,0500000US51550,Chesapeake city,Virginia,51,550,68620,1695
2015,0500000US51660,Harrisonburg city,Virginia,51,660,38750,2789
2015,0500000US51003,Albemarle County,Virginia,51,3,68449,3020
2015,0500000US51019,Bedford County,Virginia,51,19,56316,1620
2015,0500000US51029,Buckingham County,Virginia,51,29,40331,2976
2015,0500000US51195,Wise County,Virginia,51,195,37407,3099
2015,0500000US51580,Covington city,Virginia,51,580,34746,3605
2015,0500000US51049,Cumberland County,Virginia,51,49,39301,6122
2015,0500000US51051,Dickenson County,Virginia,51,51,33624,3355
2015,0500000US51740,Portsmouth city,Virginia,51,740,45676,1325
2015,0500000US51810,Virginia Beach city,Virginia,51,810,66634,918
2015,0500000US51005,Alleghany County,Virginia,51,5,45007,2876
2015,0500000US51640,Galax city,Virginia,51,640,30604,2670
2015,0500000US51193,Westmoreland County,Virginia,51,193,47911,6049
2015,0500000US51133,Northumberland County,Virginia,51,133,51885,3617
2015,0500000US51155,Pulaski County,Virginia,51,155,47495,3279
2015,0500000US51187,Warren County,Virginia,51,187,61454,5225
2015,0500000US51590,Danville city,Virginia,51,590,32315,1578
2015,0500000US51630,Fredericksburg city,Virginia,51,630,51762,5045
2015,0500000US51009,Amherst County,Virginia,51,9,47558,3068
2015,0500000US51017,Bath County,Virginia,51,17,43646,7122
2015,0500000US51670,Hopewell city,Virginia,51,670,39064,2675
2015,0500000US51700,Newport News city,Virginia,51,700,50077,1054
2015,0500000US51069,Frederick County,Virginia,51,69,69098,3616
2015,0500000US51680,Lynchburg city,Virginia,51,680,39589,1379
2015,0500000US51199,York County,Virginia,51,199,81749,3290
2015,0500000US51690,Martinsville city,Virginia,51,690,29587,3621
2015,0500000US51143,Pittsylvania County,Virginia,51,143,41824,1284
2015,0500000US51530,Buena Vista city,Virginia,51,530,29097,4461
2015,0500000US51610,Falls Church city,Virginia,51,610,120522,7243
2015,0500000US51730,Petersburg city,Virginia,51,730,31798,1732
2015,0500000US51735,Poquoson city,Virginia,51,735,83735,6283
2015,0500000US51600,Fairfax city,Virginia,51,600,105297,7530
2015,0500000US51820,Waynesboro city,Virginia,51,820,45643,2406
2015,0500000US51770,Roanoke city,Virginia,51,770,39930,1326
2015,0500000US51800,Suffolk city,Virginia,51,800,65499,1792
2015,0500000US51710,Norfolk city,Virginia,51,710,44480,1077
2015,0500000US51041,Chesterfield County,Virginia,51,41,72609,1175
2015,0500000US51059,Fairfax County,Virginia,51,59,112552,1041
2015,0500000US51125,Nelson County,Virginia,51,125,47118,6098
2015,0500000US51093,Isle of Wight County,Virginia,51,93,65741,3250
2015,0500000US51620,Franklin city,Virginia,51,620,32399,4457
2015,0500000US51678,Lexington city,Virginia,51,678,34017,5075
2015,0500000US51089,Henry County,Virginia,51,89,35293,1337
2015,0500000US51101,King William County,Virginia,51,101,62031,3513
2015,0500000US51109,Louisa County,Virginia,51,109,57829,3890
2015,0500000US51147,Prince Edward County,Virginia,51,147,41697,3991
2015,0500000US51165,Rockingham County,Virginia,51,165,53744,1500
2015,0500000US51181,Surry County,Virginia,51,181,53673,4311
2015,0500000US51043,Clarke County,Virginia,51,43,71295,4893
2015,0500000US51117,Mecklenburg County,Virginia,51,117,37356,2391
2015,0500000US51015,Augusta County,Virginia,51,15,54558,1909
2015,0500000US51075,Goochland County,Virginia,51,75,79330,5125
2015,0500000US51113,Madison County,Virginia,51,113,47736,4973
2015,0500000US51161,Roanoke County,Virginia,51,161,60519,2016
2015,0500000US51025,Brunswick County,Virginia,51,25,36919,2485
2015,0500000US51131,Northampton County,Virginia,51,131,35055,2997
2015,0500000US51163,Rockbridge County,Virginia,51,163,48901,3747
2015,0500000US51720,Norton city,Virginia,51,720,27731,9027
2015,0500000US51570,Colonial Heights city,Virginia,51,570,50304,3528
2015,0500000US51021,Bland County,Virginia,51,21,45294,3389
2015,0500000US51023,Botetourt County,Virginia,51,23,60454,2689
2015,0500000US51520,Bristol city,Virginia,51,520,35368,3636
2015,0500000US51830,Williamsburg city,Virginia,51,830,48639,4653
2015,0500000US51035,Carroll County,Virginia,51,35,35000,2955
2015,0500000US51191,Washington County,Virginia,51,191,43310,1910
2015,0500000US51139,Page County,Virginia,51,139,43895,2183
2015,0500000US51510,Alexandria city,Virginia,51,510,89134,2597
2015,0500000US51650,Hampton city,Virginia,51,650,49190,1493
2015,0500000US51013,Arlington County,Virginia,51,13,105763,2428
2015,0500000US51027,Buchanan County,Virginia,51,27,29679,1966
2015,0500000US51179,Stafford County,Virginia,51,179,97144,2422
2015,0500000US51760,Richmond city,Virginia,51,760,40758,778
2015,0500000US51057,Essex County,Virginia,51,57,42760,5157
2015,0500000US51185,Tazewell County,Virginia,51,185,37664,1874
2015,0500000US51685,Manassas Park city,Virginia,51,685,73528,5329
2015,0500000US51183,Sussex County,Virginia,51,183,39194,4305
2015,0500000US51683,Manassas city,Virginia,51,683,72890,2825
2015,0500000US51775,Salem city,Virginia,51,775,50068,3333
2015,0500000US51037,Charlotte County,Virginia,51,37,35079,5329
2015,0500000US51081,Greensville County,Virginia,51,81,38012,3342
2016,0500000US51810,Virginia Beach city,Virginia,51,810,67719,1013
2016,0500000US51005,Alleghany County,Virginia,51,5,45538,3210
2016,0500000US51640,Galax city,Virginia,51,640,31110,3859
2016,0500000US51193,Westmoreland County,Virginia,51,193,51566,3199
2016,0500000US51133,Northumberland County,Virginia,51,133,54440,4806
2016,0500000US51155,Pulaski County,Virginia,51,155,49469,2511
2016,0500000US51187,Warren County,Virginia,51,187,63734,3841
2016,0500000US51590,Danville city,Virginia,51,590,33721,1748
2016,0500000US51630,Fredericksburg city,Virginia,51,630,53980,3572
2016,0500000US51009,Amherst County,Virginia,51,9,47002,2852
2016,0500000US51017,Bath County,Virginia,51,17,44985,4210
2016,0500000US51670,Hopewell city,Virginia,51,670,40814,1932
2016,0500000US51700,Newport News city,Virginia,51,700,50089,1008
2016,0500000US51069,Frederick County,Virginia,51,69,68929,2661
2016,0500000US51680,Lynchburg city,Virginia,51,680,40728,1450
2016,0500000US51199,York County,Virginia,51,199,83410,3325
2016,0500000US51690,Martinsville city,Virginia,51,690,31719,3713
2016,0500000US51125,Nelson County,Virginia,51,125,50994,4088
2016,0500000US51143,Pittsylvania County,Virginia,51,143,43087,1436
2016,0500000US51530,Buena Vista city,Virginia,51,530,29109,4098
2016,0500000US51610,Falls Church city,Virginia,51,610,115244,5404
2016,0500000US51730,Petersburg city,Virginia,51,730,32169,1965
2016,0500000US51735,Poquoson city,Virginia,51,735,84643,8524
2016,0500000US51600,Fairfax city,Virginia,51,600,104065,6427
2016,0500000US51820,Waynesboro city,Virginia,51,820,45097,4031
2016,0500000US51770,Roanoke city,Virginia,51,770,39201,1395
2016,0500000US51800,Suffolk city,Virginia,51,800,65435,1970
2016,0500000US51710,Norfolk city,Virginia,51,710,45268,978
2016,0500000US51041,Chesterfield County,Virginia,51,41,73869,1130
2016,0500000US51059,Fairfax County,Virginia,51,59,114329,1028
2016,0500000US51023,Botetourt County,Virginia,51,23,61470,2704
2016,0500000US51520,Bristol city,Virginia,51,520,35801,2790
2016,0500000US51830,Williamsburg city,Virginia,51,830,50091,3162
2016,0500000US51035,Carroll County,Virginia,51,35,37048,2774
2016,0500000US51191,Washington County,Virginia,51,191,43835,1830
2016,0500000US51139,Page County,Virginia,51,139,45030,2313
2016,0500000US51510,Alexandria city,Virginia,51,510,89200,1987
2016,0500000US51650,Hampton city,Virginia,51,650,49890,1504
2016,0500000US51013,Arlington County,Virginia,51,13,108706,2294
2016,0500000US51027,Buchanan County,Virginia,51,27,30335,1753
2016,0500000US51179,Stafford County,Virginia,51,179,97528,2947
2016,0500000US51760,Richmond city,Virginia,51,760,41187,737
2016,0500000US51057,Essex County,Virginia,51,57,47527,5754
2016,0500000US51185,Tazewell County,Virginia,51,185,38238,1852
2016,0500000US51685,Manassas Park city,Virginia,51,685,75027,4963
2016,0500000US51183,Sussex County,Virginia,51,183,37917,4814
2016,0500000US51683,Manassas city,Virginia,51,683,74371,3531
2016,0500000US51775,Salem city,Virginia,51,775,52351,2380
2016,0500000US51037,Charlotte County,Virginia,51,37,33837,3383
2016,0500000US51081,Greensville County,Virginia,51,81,40559,4309
2016,0500000US51095,James City County,Virginia,51,95,80226,2989
2016,0500000US51167,Russell County,Virginia,51,167,38370,2279
2016,0500000US51173,Smyth County,Virginia,51,173,38906,1671
2016,0500000US51540,Charlottesville city,Virginia,51,540,50727,2842
2016,0500000US51093,Isle of Wight County,Virginia,51,93,66835,3487
2016,0500000US51620,Franklin city,Virginia,51,620,38333,4510
2016,0500000US51678,Lexington city,Virginia,51,678,34464,9478
2016,0500000US51089,Henry County,Virginia,51,89,34992,2026
2016,0500000US51101,King William County,Virginia,51,101,64297,3140
2016,0500000US51109,Louisa County,Virginia,51,109,54662,3812
2016,0500000US51147,Prince Edward County,Virginia,51,147,42283,3029
2016,0500000US51165,Rockingham County,Virginia,51,165,55029,1510
2016,0500000US51181,Surry County,Virginia,51,181,56632,5581
2016,0500000US51043,Clarke County,Virginia,51,43,71986,4237
2016,0500000US51117,Mecklenburg County,Virginia,51,117,40040,1909
2016,0500000US51015,Augusta County,Virginia,51,15,56802,1847
2016,0500000US51075,Goochland County,Virginia,51,75,82326,5007
2016,0500000US51113,Madison County,Virginia,51,113,48271,4647
2016,0500000US51161,Roanoke County,Virginia,51,161,60380,1482
2016,0500000US51025,Brunswick County,Virginia,51,25,38858,1894
2016,0500000US51131,Northampton County,Virginia,51,131,37011,3191
2016,0500000US51163,Rockbridge County,Virginia,51,163,52478,3556
2016,0500000US51720,Norton city,Virginia,51,720,26000,5643
2016,0500000US51570,Colonial Heights city,Virginia,51,570,49639,4320
2016,0500000US51021,Bland County,Virginia,51,21,47800,2803
2016,0500000US51031,Campbell County,Virginia,51,31,47005,1482
2016,0500000US51087,Henrico County,Virginia,51,87,63699,1041
2016,0500000US51099,King George County,Virginia,51,99,84342,6098
2016,0500000US51103,Lancaster County,Virginia,51,103,50118,5751
2016,0500000US51105,Lee County,Virginia,51,105,31577,2309
2016,0500000US51115,Mathews County,Virginia,51,115,64049,7180
2016,0500000US51119,Middlesex County,Virginia,51,119,53093,4251
2016,0500000US51149,Prince George County,Virginia,51,149,64805,3869
2016,0500000US51159,Richmond County,Virginia,51,159,44919,5143
2016,0500000US51169,Scott County,Virginia,51,169,38017,2063
2016,0500000US51177,Spotsylvania County,Virginia,51,177,79742,2167
2016,0500000US51011,Appomattox County,Virginia,51,11,52134,4386
2016,0500000US51067,Franklin County,Virginia,51,67,48720,2821
2016,0500000US51097,King and Queen County,Virginia,51,97,48852,5305
2016,0500000US51121,Montgomery County,Virginia,51,121,49712,1894
2016,0500000US51127,New Kent County,Virginia,51,127,75303,7158
2016,0500000US51049,Cumberland County,Virginia,51,49,37489,5331
2016,0500000US51051,Dickenson County,Virginia,51,51,31226,3132
2016,0500000US51083,Halifax County,Virginia,51,83,37001,1974
2016,0500000US51107,Loudoun County,Virginia,51,107,125672,1679
2016,0500000US51153,Prince William County,Virginia,51,153,98546,1405
2016,0500000US51175,Southampton County,Virginia,51,175,51032,3277
2016,0500000US51091,Highland County,Virginia,51,91,44877,6095
2016,0500000US51033,Caroline County,Virginia,51,33,57294,3839
2016,0500000US51073,Gloucester County,Virginia,51,73,62878,3180
2016,0500000US51141,Patrick County,Virginia,51,141,35999,3617
2016,0500000US51145,Powhatan County,Virginia,51,145,77684,4309
2016,0500000US51171,Shenandoah County,Virginia,51,171,50450,2210
2016,0500000US51061,Fauquier County,Virginia,51,61,91221,3496
2016,0500000US51790,Staunton city,Virginia,51,790,42948,2710
2016,0500000US51065,Fluvanna County,Virginia,51,65,66425,2978
2016,0500000US51007,Amelia County,Virginia,51,7,58269,6621
2016,0500000US51750,Radford city,Virginia,51,750,31457,4422
2016,0500000US51840,Winchester city,Virginia,51,840,46466,1994
2016,0500000US51001,Accomack County,Virginia,51,1,38503,2185
2016,0500000US51045,Craig County,Virginia,51,45,40500,15270
2016,0500000US51063,Floyd County,Virginia,51,63,47288,3253
2016,0500000US51071,Giles County,Virginia,51,71,47675,2382
2016,0500000US51077,Grayson County,Virginia,51,77,31002,2220
2016,0500000US51135,Nottoway County,Virginia,51,135,36849,3291
2016,0500000US51157,Rappahannock County,Virginia,51,157,58026,3087
2016,0500000US51036,Charles City County,Virginia,51,36,54167,4552
2016,0500000US51047,Culpeper County,Virginia,51,47,66160,3269
2016,0500000US51053,Dinwiddie County,Virginia,51,53,51579,2863
2016,0500000US51079,Greene County,Virginia,51,79,61615,3319
2016,0500000US51085,Hanover County,Virginia,51,85,81170,1941
2016,0500000US51111,Lunenburg County,Virginia,51,111,39911,3136
2016,0500000US51137,Orange County,Virginia,51,137,66990,2748
2016,0500000US51595,Emporia city,Virginia,51,595,27169,3754
2016,0500000US51197,Wythe County,Virginia,51,197,42888,3284
2016,0500000US51550,Chesapeake city,Virginia,51,550,69978,1380
2016,0500000US51660,Harrisonburg city,Virginia,51,660,40494,2146
2016,0500000US51003,Albemarle County,Virginia,51,3,70342,1896
2016,0500000US51019,Bedford County,Virginia,51,19,56725,1634
2016,0500000US51029,Buckingham County,Virginia,51,29,43514,2817
2016,0500000US51195,Wise County,Virginia,51,195,36352,3155
2016,0500000US51580,Covington city,Virginia,51,580,34703,3855
2016,0500000US51740,Portsmouth city,Virginia,51,740,47050,1608
2017,0500000US51093,Isle of Wight County,Virginia,51,93,67767,3199
2017,0500000US51095,James City County,Virginia,51,95,80772,3757
2017,0500000US51167,Russell County,Virginia,51,167,40083,2026
2017,0500000US51620,Franklin city,Virginia,51,620,38760,4679
2017,0500000US51173,Smyth County,Virginia,51,173,40544,1556
2017,0500000US51540,Charlottesville city,Virginia,51,540,54739,3418
2017,0500000US51678,Lexington city,Virginia,51,678,37309,8201
2017,0500000US51031,Campbell County,Virginia,51,31,48823,2634
2017,0500000US51087,Henrico County,Virginia,51,87,66447,1191
2017,0500000US51089,Henry County,Virginia,51,89,36779,1679
2017,0500000US51099,King George County,Virginia,51,99,84770,6188
2017,0500000US51101,King William County,Virginia,51,101,67423,3839
2017,0500000US51103,Lancaster County,Virginia,51,103,51495,7163
2017,0500000US51105,Lee County,Virginia,51,105,32590,2972
2017,0500000US51109,Louisa County,Virginia,51,109,56946,4745
2017,0500000US51115,Mathews County,Virginia,51,115,63622,9637
2017,0500000US51119,Middlesex County,Virginia,51,119,50483,5320
2017,0500000US51147,Prince Edward County,Virginia,51,147,44147,3938
2017,0500000US51149,Prince George County,Virginia,51,149,68461,3433
2017,0500000US51159,Richmond County,Virginia,51,159,47341,4376
2017,0500000US51165,Rockingham County,Virginia,51,165,57651,1698
2017,0500000US51169,Scott County,Virginia,51,169,38725,2734
2017,0500000US51177,Spotsylvania County,Virginia,51,177,81434,1924
2017,0500000US51181,Surry County,Virginia,51,181,54656,5518
2017,0500000US51011,Appomattox County,Virginia,51,11,54875,5421
2017,0500000US51043,Clarke County,Virginia,51,43,72129,6699
2017,0500000US51067,Franklin County,Virginia,51,67,51208,3353
2017,0500000US51097,King and Queen County,Virginia,51,97,51495,9813
2017,0500000US51117,Mecklenburg County,Virginia,51,117,41126,2130
2017,0500000US51121,Montgomery County,Virginia,51,121,53424,1793
2017,0500000US51127,New Kent County,Virginia,51,127,78429,5091
2017,0500000US51015,Augusta County,Virginia,51,15,59544,2220
2017,0500000US51049,Cumberland County,Virginia,51,49,43020,3238
2017,0500000US51051,Dickenson County,Virginia,51,51,29916,3029
2017,0500000US51075,Goochland County,Virginia,51,75,86652,4868
2017,0500000US51083,Halifax County,Virginia,51,83,39233,2600
2017,0500000US51107,Loudoun County,Virginia,51,107,129588,2111
2017,0500000US51113,Madison County,Virginia,51,113,52287,4596
2017,0500000US51153,Prince William County,Virginia,51,153,101059,1440
2017,0500000US51161,Roanoke County,Virginia,51,161,62134,1707
2017,0500000US51175,Southampton County,Virginia,51,175,53681,4028
2017,0500000US51091,Highland County,Virginia,51,91,45094,4452
2017,0500000US51025,Brunswick County,Virginia,51,25,40871,2708
2017,0500000US51033,Caroline County,Virginia,51,33,60925,2456
2017,0500000US51073,Gloucester County,Virginia,51,73,63881,2572
2017,0500000US51131,Northampton County,Virginia,51,131,41468,4548
2017,0500000US51141,Patrick County,Virginia,51,141,37757,4017
2017,0500000US51145,Powhatan County,Virginia,51,145,80441,4097
2017,0500000US51163,Rockbridge County,Virginia,51,163,53918,3825
2017,0500000US51171,Shenandoah County,Virginia,51,171,53934,2994
2017,0500000US51061,Fauquier County,Virginia,51,61,94775,3957
2017,0500000US51720,Norton city,Virginia,51,720,26971,8010
2017,0500000US51790,Staunton city,Virginia,51,790,46435,3006
2017,0500000US51065,Fluvanna County,Virginia,51,65,67964,4057
2017,0500000US51007,Amelia County,Virginia,51,7,58535,5713
2017,0500000US51750,Radford city,Virginia,51,750,36082,5918
2017,0500000US51840,Winchester city,Virginia,51,840,49330,3199
2017,0500000US51001,Accomack County,Virginia,51,1,42260,2253
2017,0500000US51045,Craig County,Virginia,51,45,53526,15331
2017,0500000US51063,Floyd County,Virginia,51,63,48396,4500
2017,0500000US51071,Giles County,Virginia,51,71,49734,2997
2017,0500000US51077,Grayson County,Virginia,51,77,32048,2185
2017,0500000US51135,Nottoway County,Virginia,51,135,38410,2987
2017,0500000US51157,Rappahannock County,Virginia,51,157,62541,6964
2017,0500000US51036,Charles City County,Virginia,51,36,55069,4060
2017,0500000US51047,Culpeper County,Virginia,51,47,69693,2672
2017,0500000US51053,Dinwiddie County,Virginia,51,53,54640,3190
2017,0500000US51079,Greene County,Virginia,51,79,62952,3813
2017,0500000US51085,Hanover County,Virginia,51,85,84955,2275
2017,0500000US51111,Lunenburg County,Virginia,51,111,39537,3382
2017,0500000US51137,Orange County,Virginia,51,137,67196,3748
2017,0500000US51595,Emporia city,Virginia,51,595,27426,7596
2017,0500000US51197,Wythe County,Virginia,51,197,46119,2969
2017,0500000US51550,Chesapeake city,Virginia,51,550,72214,1485
2017,0500000US51570,Colonial Heights city,Virginia,51,570,50952,4104
2017,0500000US51660,Harrisonburg city,Virginia,51,660,43009,2035
2017,0500000US51003,Albemarle County,Virginia,51,3,72265,2910
2017,0500000US51021,Bland County,Virginia,51,21,46927,6003
2017,0500000US51019,Bedford County,Virginia,51,19,59405,1577
2017,0500000US51023,Botetourt County,Virginia,51,23,64733,3179
2017,0500000US51029,Buckingham County,Virginia,51,29,46610,5105
2017,0500000US51195,Wise County,Virginia,51,195,38255,3086
2017,0500000US51520,Bristol city,Virginia,51,520,37844,4812
2017,0500000US51580,Covington city,Virginia,51,580,35546,3357
2017,0500000US51740,Portsmouth city,Virginia,51,740,48727,1587
2017,0500000US51830,Williamsburg city,Virginia,51,830,54606,4779
2017,0500000US51810,Virginia Beach city,Virginia,51,810,70500,1124
2017,0500000US51005,Alleghany County,Virginia,51,5,46020,4009
2017,0500000US51035,Carroll County,Virginia,51,35,41145,2793
2017,0500000US51640,Galax city,Virginia,51,640,31311,2888
2017,0500000US51191,Washington County,Virginia,51,191,44844,2619
2017,0500000US51193,Westmoreland County,Virginia,51,193,55688,7635
2017,0500000US51133,Northumberland County,Virginia,51,133,56677,2308
2017,0500000US51139,Page County,Virginia,51,139,46140,2999
2017,0500000US51155,Pulaski County,Virginia,51,155,49691,2407
2017,0500000US51187,Warren County,Virginia,51,187,65353,3936
2017,0500000US51510,Alexandria city,Virginia,51,510,93370,1553
2017,0500000US51590,Danville city,Virginia,51,590,34951,1744
2017,0500000US51630,Fredericksburg city,Virginia,51,630,57258,3631
2017,0500000US51650,Hampton city,Virginia,51,650,52021,1382
2017,0500000US51009,Amherst County,Virginia,51,9,49677,3603
2017,0500000US51013,Arlington County,Virginia,51,13,112138,2139
2017,0500000US51017,Bath County,Virginia,51,17,44483,3178
2017,0500000US51670,Hopewell city,Virginia,51,670,40712,2737
2017,0500000US51027,Buchanan County,Virginia,51,27,30828,1316
2017,0500000US51700,Newport News city,Virginia,51,700,51082,1419
2017,0500000US51069,Frederick County,Virginia,51,69,71037,1954
2017,0500000US51179,Stafford County,Virginia,51,179,103005,2824
2017,0500000US51680,Lynchburg city,Virginia,51,680,41971,1414
2017,0500000US51199,York County,Virginia,51,199,86781,3475
2017,0500000US51760,Richmond city,Virginia,51,760,42356,832
2017,0500000US51690,Martinsville city,Virginia,51,690,33545,4045
2017,0500000US51125,Nelson County,Virginia,51,125,53834,4010
2017,0500000US51057,Essex County,Virginia,51,57,50629,3173
2017,0500000US51143,Pittsylvania County,Virginia,51,143,44356,1580
2017,0500000US51185,Tazewell County,Virginia,51,185,40309,1889
2017,0500000US51530,Buena Vista city,Virginia,51,530,33672,2993
2017,0500000US51610,Falls Church city,Virginia,51,610,114795,7917
2017,0500000US51685,Manassas Park city,Virginia,51,685,79131,7001
2017,0500000US51730,Petersburg city,Virginia,51,730,33939,1600
2017,0500000US51735,Poquoson city,Virginia,51,735,88328,8414
2017,0500000US51183,Sussex County,Virginia,51,183,44608,3842
2017,0500000US51600,Fairfax city,Virginia,51,600,106870,5914
2017,0500000US51820,Waynesboro city,Virginia,51,820,42112,4730
2017,0500000US51683,Manassas city,Virginia,51,683,77551,3453
2017,0500000US51770,Roanoke city,Virginia,51,770,41483,1343
2017,0500000US51775,Salem city,Virginia,51,775,53990,2528
2017,0500000US51800,Suffolk city,Virginia,51,800,68089,1784
2017,0500000US51710,Norfolk city,Virginia,51,710,47137,930
2017,0500000US51037,Charlotte County,Virginia,51,37,38350,2730
2017,0500000US51041,Chesterfield County,Virginia,51,41,76969,1205
2017,0500000US51059,Fairfax County,Virginia,51,59,117515,1314
2017,0500000US51081,Greensville County,Virginia,51,81,42121,5250
2018,0500000US51095,James City County,Virginia,51,95,83048,2991
2018,0500000US51167,Russell County,Virginia,51,167,39482,2596
2018,0500000US51173,Smyth County,Virginia,51,173,40425,1626
2018,0500000US51540,Charlottesville city,Virginia,51,540,58933,3493
2018,0500000US51031,Campbell County,Virginia,51,31,50258,2308
2018,0500000US51087,Henrico County,Virginia,51,87,68572,1482
2018,0500000US51099,King George County,Virginia,51,99,87321,8183
2018,0500000US51103,Lancaster County,Virginia,51,103,50739,7705
2018,0500000US51105,Lee County,Virginia,51,105,32718,3065
2018,0500000US51115,Mathews County,Virginia,51,115,67009,9029
2018,0500000US51119,Middlesex County,Virginia,51,119,51917,6744
2018,0500000US51149,Prince George County,Virginia,51,149,67001,3178
2018,0500000US51159,Richmond County,Virginia,51,159,49831,4953
2018,0500000US51169,Scott County,Virginia,51,169,39144,2488
2018,0500000US51177,Spotsylvania County,Virginia,51,177,85330,1869
2018,0500000US51011,Appomattox County,Virginia,51,11,56176,4129
2018,0500000US51067,Franklin County,Virginia,51,67,52639,3185
2018,0500000US51097,King and Queen County,Virginia,51,97,54516,7231
2018,0500000US51121,Montgomery County,Virginia,51,121,54641,1795
2018,0500000US51127,New Kent County,Virginia,51,127,79698,4414
2018,0500000US51049,Cumberland County,Virginia,51,49,46221,4519
2018,0500000US51051,Dickenson County,Virginia,51,51,29226,2792
2018,0500000US51083,Halifax County,Virginia,51,83,42289,2347
2018,0500000US51107,Loudoun County,Virginia,51,107,136268,2063
2018,0500000US51153,Prince William County,Virginia,51,153,103445,1915
2018,0500000US51175,Southampton County,Virginia,51,175,54611,6821
2018,0500000US51091,Highland County,Virginia,51,91,46147,3558
2018,0500000US51033,Caroline County,Virginia,51,33,64715,4314
2018,0500000US51073,Gloucester County,Virginia,51,73,66701,3711
2018,0500000US51141,Patrick County,Virginia,51,141,40486,4326
2018,0500000US51145,Powhatan County,Virginia,51,145,83914,4985
2018,0500000US51171,Shenandoah County,Virginia,51,171,54921,3008
2018,0500000US51061,Fauquier County,Virginia,51,61,97469,3787
2018,0500000US51790,Staunton city,Virginia,51,790,48049,2289
2018,0500000US51065,Fluvanna County,Virginia,51,65,74931,4899
2018,0500000US51007,Amelia County,Virginia,51,7,58526,8627
2018,0500000US51750,Radford city,Virginia,51,750,36743,6295
2018,0500000US51840,Winchester city,Virginia,51,840,53797,4115
2018,0500000US51001,Accomack County,Virginia,51,1,43210,3243
2018,0500000US51045,Craig County,Virginia,51,45,55484,13649
2018,0500000US51063,Floyd County,Virginia,51,63,49729,4731
2018,0500000US51071,Giles County,Virginia,51,71,52478,3169
2018,0500000US51077,Grayson County,Virginia,51,77,33969,2345
2018,0500000US51135,Nottoway County,Virginia,51,135,42869,4498
2018,0500000US51157,Rappahannock County,Virginia,51,157,68438,7363
2018,0500000US51036,Charles City County,Virginia,51,36,59192,4207
2018,0500000US51047,Culpeper County,Virginia,51,47,73116,2713
2018,0500000US51053,Dinwiddie County,Virginia,51,53,55880,4297
2018,0500000US51079,Greene County,Virginia,51,79,64979,4475
2018,0500000US51085,Hanover County,Virginia,51,85,88652,2596
2018,0500000US51111,Lunenburg County,Virginia,51,111,41868,4197
2018,0500000US51137,Orange County,Virginia,51,137,68481,3991
2018,0500000US51595,Emporia city,Virginia,51,595,30857,2784
2018,0500000US51197,Wythe County,Virginia,51,197,48043,2922
2018,0500000US51550,Chesapeake city,Virginia,51,550,75790,1575
2018,0500000US51660,Harrisonburg city,Virginia,51,660,43893,2962
2018,0500000US51003,Albemarle County,Virginia,51,3,75394,2534
2018,0500000US51019,Bedford County,Virginia,51,19,61541,2660
2018,0500000US51029,Buckingham County,Virginia,51,29,46261,4573
2018,0500000US51195,Wise County,Virginia,51,195,38345,3388
2018,0500000US51580,Covington city,Virginia,51,580,39432,3798
2018,0500000US51740,Portsmouth city,Virginia,51,740,50224,1622
2018,0500000US51810,Virginia Beach city,Virginia,51,810,74186,953
2018,0500000US51005,Alleghany County,Virginia,51,5,47794,3629
2018,0500000US51640,Galax city,Virginia,51,640,31938,3916
2018,0500000US51193,Westmoreland County,Virginia,51,193,54268,3000
2018,0500000US51133,Northumberland County,Virginia,51,133,58677,5014
2018,0500000US51155,Pulaski County,Virginia,51,155,52638,1998
2018,0500000US51187,Warren County,Virginia,51,187,68189,4293
2018,0500000US51590,Danville city,Virginia,51,590,36301,2104
2018,0500000US51630,Fredericksburg city,Virginia,51,630,63274,7136
2018,0500000US51009,Amherst County,Virginia,51,9,49170,3347
2018,0500000US51017,Bath County,Virginia,51,17,46137,2875
2018,0500000US51670,Hopewell city,Virginia,51,670,40497,3873
2018,0500000US51700,Newport News city,Virginia,51,700,51884,1249
2018,0500000US51069,Frederick County,Virginia,51,69,73250,2263
2018,0500000US51680,Lynchburg city,Virginia,51,680,43374,1665
2018,0500000US51199,York County,Virginia,51,199,90367,3142
2018,0500000US51690,Martinsville city,Virginia,51,690,33224,3916
2018,0500000US51125,Nelson County,Virginia,51,125,62446,7444
2018,0500000US51143,Pittsylvania County,Virginia,51,143,45382,2056
2018,0500000US51530,Buena Vista city,Virginia,51,530,34273,9808
2018,0500000US51610,Falls Church city,Virginia,51,610,124796,15295
2018,0500000US51730,Petersburg city,Virginia,51,730,36135,1580
2018,0500000US51735,Poquoson city,Virginia,51,735,96831,4475
2018,0500000US51600,Fairfax city,Virginia,51,600,111574,7598
2018,0500000US51820,Waynesboro city,Virginia,51,820,45738,4299
2018,0500000US51770,Roanoke city,Virginia,51,770,43028,1367
2018,0500000US51800,Suffolk city,Virginia,51,800,70664,2173
2018,0500000US51710,Norfolk city,Virginia,51,710,49146,990
2018,0500000US51041,Chesterfield County,Virginia,51,41,80214,1216
2018,0500000US51059,Fairfax County,Virginia,51,59,121133,1144
2018,0500000US51093,Isle of Wight County,Virginia,51,93,71376,3787
2018,0500000US51620,Franklin city,Virginia,51,620,40375,6482
2018,0500000US51678,Lexington city,Virginia,51,678,36466,7238
2018,0500000US51089,Henry County,Virginia,51,89,36683,1839
2018,0500000US51101,King William County,Virginia,51,101,68720,4657
2018,0500000US51109,Louisa County,Virginia,51,109,59343,4020
2018,0500000US51147,Prince Edward County,Virginia,51,147,46189,4053
2018,0500000US51165,Rockingham County,Virginia,51,165,59817,1844
2018,0500000US51181,Surry County,Virginia,51,181,54844,4834
2018,0500000US51043,Clarke County,Virginia,51,43,77936,6550
2018,0500000US51117,Mecklenburg County,Virginia,51,117,42025,2464
2018,0500000US51015,Augusta County,Virginia,51,15,61305,1784
2018,0500000US51075,Goochland County,Virginia,51,75,89741,7343
2018,0500000US51113,Madison County,Virginia,51,113,54197,4437
2018,0500000US51161,Roanoke County,Virginia,51,161,65467,2229
2018,0500000US51025,Brunswick County,Virginia,51,25,41927,3130
2018,0500000US51131,Northampton County,Virginia,51,131,43553,4273
2018,0500000US51163,Rockbridge County,Virginia,51,163,54805,4086
2018,0500000US51720,Norton city,Virginia,51,720,28071,6418
2018,0500000US51570,Colonial Heights city,Virginia,51,570,53716,5085
2018,0500000US51021,Bland County,Virginia,51,21,50511,4943
2018,0500000US51023,Botetourt County,Virginia,51,23,68410,3438
2018,0500000US51520,Bristol city,Virginia,51,520,37904,2685
2018,0500000US51830,Williamsburg city,Virginia,51,830,56163,6110
2018,0500000US51035,Carroll County,Virginia,51,35,43532,2276
2018,0500000US51191,Washington County,Virginia,51,191,46262,1583
2018,0500000US51139,Page County,Virginia,51,139,47951,3979
2018,0500000US51510,Alexandria city,Virginia,51,510,96733,1933
2018,0500000US51650,Hampton city,Virginia,51,650,54550,1491
2018,0500000US51013,Arlington County,Virginia,51,13,117374,2067
2018,0500000US51027,Buchanan County,Virginia,51,27,30806,2381
2018,0500000US51179,Stafford County,Virginia,51,179,106773,3208
2018,0500000US51760,Richmond city,Virginia,51,760,45117,1265
2018,0500000US51057,Essex County,Virginia,51,57,52681,2936
2018,0500000US51185,Tazewell County,Virginia,51,185,40978,1974
2018,0500000US51685,Manassas Park city,Virginia,51,685,80667,7690
2018,0500000US51183,Sussex County,Virginia,51,183,45801,3896
2018,0500000US51683,Manassas city,Virginia,51,683,78462,3991
2018,0500000US51775,Salem city,Virginia,51,775,57185,3326
2018,0500000US51037,Charlotte County,Virginia,51,37,39212,2751
2018,0500000US51081,Greensville County,Virginia,51,81,44534,7545
2019,0500000US51181,Surry County,Virginia,51,181,57962,4803
2019,0500000US51043,Clarke County,Virginia,51,43,80026,7504
2019,0500000US51117,Mecklenburg County,Virginia,51,117,43207,3636
2019,0500000US51015,Augusta County,Virginia,51,15,62711,2088
2019,0500000US51075,Goochland County,Virginia,51,75,93994,7165
2019,0500000US51113,Madison County,Virginia,51,113,57895,4788
2019,0500000US51161,Roanoke County,Virginia,51,161,68948,2007
2019,0500000US51025,Brunswick County,Virginia,51,25,44434,3005
2019,0500000US51131,Northampton County,Virginia,51,131,47227,4234
2019,0500000US51163,Rockbridge County,Virginia,51,163,54600,3809
2019,0500000US51720,Norton city,Virginia,51,720,29000,7753
2019,0500000US51570,Colonial Heights city,Virginia,51,570,54550,4946
2019,0500000US51021,Bland County,Virginia,51,21,48531,5553
2019,0500000US51023,Botetourt County,Virginia,51,23,71110,2521
2019,0500000US51520,Bristol city,Virginia,51,520,37500,3053
2019,0500000US51830,Williamsburg city,Virginia,51,830,57463,5298
2019,0500000US51035,Carroll County,Virginia,51,35,44835,3148
2019,0500000US51191,Washington County,Virginia,51,191,48495,3589
2019,0500000US51139,Page County,Virginia,51,139,51792,3898
2019,0500000US51510,Alexandria city,Virginia,51,510,100939,2888
2019,0500000US51650,Hampton city,Virginia,51,650,56287,1252
2019,0500000US51013,Arlington County,Virginia,51,13,120071,2064
2019,0500000US51027,Buchanan County,Virginia,51,27,31956,2650
2019,0500000US51179,Stafford County,Virginia,51,179,111108,2778
2019,0500000US51760,Richmond city,Virginia,51,760,47250,1316
2019,0500000US51057,Essex County,Virginia,51,57,51954,5555
2019,0500000US51185,Tazewell County,Virginia,51,185,42099,2914
2019,0500000US51685,Manassas Park city,Virginia,51,685,88046,8779
2019,0500000US51183,Sussex County,Virginia,51,183,49487,3717
2019,0500000US51683,Manassas city,Virginia,51,683,81493,3858
2019,0500000US51775,Salem city,Virginia,51,775,57165,3209
2019,0500000US51037,Charlotte County,Virginia,51,37,40573,3373
2019,0500000US51081,Greensville County,Virginia,51,81,50300,4195
2019,0500000US51093,Isle of Wight County,Virginia,51,93,73991,3862
2019,0500000US51620,Franklin city,Virginia,51,620,40417,8465
2019,0500000US51678,Lexington city,Virginia,51,678,42632,9155
2019,0500000US51089,Henry County,Virginia,51,89,37952,1900
2019,0500000US51101,King William County,Virginia,51,101,66987,6191
2019,0500000US51109,Louisa County,Virginia,51,109,60975,3917
2019,0500000US51147,Prince Edward County,Virginia,51,147,47202,5147
2019,0500000US51165,Rockingham County,Virginia,51,165,61864,1904
2019,0500000US51095,James City County,Virginia,51,95,87678,3010
2019,0500000US51167,Russell County,Virginia,51,167,39758,2056
2019,0500000US51173,Smyth County,Virginia,51,173,40932,2763
2019,0500000US51540,Charlottesville city,Virginia,51,540,59471,4106
2019,0500000US51031,Campbell County,Virginia,51,31,49664,2671
2019,0500000US51087,Henrico County,Virginia,51,87,70307,1281
2019,0500000US51099,King George County,Virginia,51,99,94274,4294
2019,0500000US51103,Lancaster County,Virginia,51,103,53711,9463
2019,0500000US51105,Lee County,Virginia,51,105,32888,3103
2019,0500000US51115,Mathews County,Virginia,51,115,64237,13799
2019,0500000US51119,Middlesex County,Virginia,51,119,57438,4008
2019,0500000US51149,Prince George County,Virginia,51,149,71912,3851
2019,0500000US51159,Richmond County,Virginia,51,159,49517,5449
2019,0500000US51169,Scott County,Virginia,51,169,39820,2257
2019,0500000US51177,Spotsylvania County,Virginia,51,177,88628,2299
2019,0500000US51011,Appomattox County,Virginia,51,11,58696,5827
2019,0500000US51067,Franklin County,Virginia,51,67,56254,3884
2019,0500000US51097,King and Queen County,Virginia,51,97,63982,7614
2019,0500000US51121,Montgomery County,Virginia,51,121,57977,2295
2019,0500000US51127,New Kent County,Virginia,51,127,87904,6962
2019,0500000US51049,Cumberland County,Virginia,51,49,47469,6180
2019,0500000US51051,Dickenson County,Virginia,51,51,29932,2883
2019,0500000US51083,Halifax County,Virginia,51,83,42669,2071
2019,0500000US51107,Loudoun County,Virginia,51,107,142299,2089
2019,0500000US51153,Prince William County,Virginia,51,153,107132,1725
2019,0500000US51175,Southampton County,Virginia,51,175,61348,6838
2019,0500000US51091,Highland County,Virginia,51,91,48587,4703
2019,0500000US51033,Caroline County,Virginia,51,33,65103,3156
2019,0500000US51073,Gloucester County,Virginia,51,73,70537,5663
2019,0500000US51141,Patrick County,Virginia,51,141,43073,3723
2019,0500000US51145,Powhatan County,Virginia,51,145,89090,7595
2019,0500000US51171,Shenandoah County,Virginia,51,171,57252,2919
2019,0500000US51061,Fauquier County,Virginia,51,61,100783,4850
2019,0500000US51790,Staunton city,Virginia,51,790,52611,2847
2019,0500000US51065,Fluvanna County,Virginia,51,65,76873,3118
2019,0500000US51750,Radford city,Virginia,51,750,36297,4415
2019,0500000US51840,Winchester city,Virginia,51,840,58818,4511
2019,0500000US51001,Accomack County,Virginia,51,1,46073,4026
2019,0500000US51045,Craig County,Virginia,51,45,55708,10950
2019,0500000US51063,Floyd County,Virginia,51,63,51521,4541
2019,0500000US51071,Giles County,Virginia,51,71,54520,2728
2019,0500000US51077,Grayson County,Virginia,51,77,36544,3204
2019,0500000US51135,Nottoway County,Virginia,51,135,45535,3015
2019,0500000US51157,Rappahannock County,Virginia,51,157,74284,4172
2019,0500000US51036,Charles City County,Virginia,51,36,57198,5222
2019,0500000US51047,Culpeper County,Virginia,51,47,77935,4199
2019,0500000US51053,Dinwiddie County,Virginia,51,53,60346,3637
2019,0500000US51079,Greene County,Virginia,51,79,67398,5919
2019,0500000US51085,Hanover County,Virginia,51,85,89390,2017
2019,0500000US51111,Lunenburg County,Virginia,51,111,44303,3641
2019,0500000US51137,Orange County,Virginia,51,137,71548,4910
2019,0500000US51595,Emporia city,Virginia,51,595,27063,5323
2019,0500000US51197,Wythe County,Virginia,51,197,49364,2653
2019,0500000US51550,Chesapeake city,Virginia,51,550,78640,2645
2019,0500000US51660,Harrisonburg city,Virginia,51,660,46679,2567
2019,0500000US51003,Albemarle County,Virginia,51,3,79880,2894
2019,0500000US51019,Bedford County,Virginia,51,19,64199,2828
2019,0500000US51029,Buckingham County,Virginia,51,29,49025,3378
2019,0500000US51195,Wise County,Virginia,51,195,38888,2697
2019,0500000US51580,Covington city,Virginia,51,580,40655,3634
2019,0500000US51740,Portsmouth city,Virginia,51,740,52175,1675
2019,0500000US51810,Virginia Beach city,Virginia,51,810,76610,1188
2019,0500000US51005,Alleghany County,Virginia,51,5,47673,3458
2019,0500000US51640,Galax city,Virginia,51,640,33575,2284
2019,0500000US51193,Westmoreland County,Virginia,51,193,53853,3698
2019,0500000US51133,Northumberland County,Virginia,51,133,62632,7771
2019,0500000US51155,Pulaski County,Virginia,51,155,53866,2346
2019,0500000US51187,Warren County,Virginia,51,187,69116,3087
2019,0500000US51590,Danville city,Virginia,51,590,37203,2086
2019,0500000US51630,Fredericksburg city,Virginia,51,630,65641,5784
2019,0500000US51009,Amherst County,Virginia,51,9,52888,2644
2019,0500000US51017,Bath County,Virginia,51,17,49738,6556
2019,0500000US51670,Hopewell city,Virginia,51,670,39030,4278
2019,0500000US51700,Newport News city,Virginia,51,700,53215,1607
2019,0500000US51069,Frederick County,Virginia,51,69,78002,3019
2019,0500000US51680,Lynchburg city,Virginia,51,680,46409,2881
2019,0500000US51199,York County,Virginia,51,199,92069,3645
2019,0500000US51690,Martinsville city,Virginia,51,690,34371,4099
2019,0500000US51125,Nelson County,Virginia,51,125,64313,9548
2019,0500000US51143,Pittsylvania County,Virginia,51,143,47690,1810
2019,0500000US51530,Buena Vista city,Virginia,51,530,32455,10103
2019,0500000US51610,Falls Church city,Virginia,51,610,127610,16144
2019,0500000US51730,Petersburg city,Virginia,51,730,38679,2160
2019,0500000US51735,Poquoson city,Virginia,51,735,97118,4408
2019,0500000US51600,Fairfax city,Virginia,51,600,116979,7777
2019,0500000US51820,Waynesboro city,Virginia,51,820,45011,6218
2019,0500000US51770,Roanoke city,Virginia,51,770,44230,1434
2019,0500000US51800,Suffolk city,Virginia,51,800,74884,2756
2019,0500000US51710,Norfolk city,Virginia,51,710,51590,1086
2019,0500000US51007,Amelia County,Virginia,51,7,57946,6485
2019,0500000US51041,Chesterfield County,Virginia,51,41,82599,1297
2019,0500000US51059,Fairfax County,Virginia,51,59,124831,1281
2020,0500000US51001,Accomack County,Virginia,51,1,46178,2575
2020,0500000US51005,Alleghany County,Virginia,51,5,48513,4275
2020,0500000US51007,Amelia County,Virginia,51,7,63918,6276
2020,0500000US51011,Appomattox County,Virginia,51,11,55457,5246
2020,0500000US51013,Arlington County,Virginia,51,13,122604,2627
2020,0500000US51017,Bath County,Virginia,51,17,55481,15306
2020,0500000US51019,Bedford County,Virginia,51,19,67136,3303
2020,0500000US51023,Botetourt County,Virginia,51,23,72719,4231
2020,0500000US51025,Brunswick County,Virginia,51,25,46111,3642
2020,0500000US51029,Buckingham County,Virginia,51,29,48603,4866
2020,0500000US51031,Campbell County,Virginia,51,31,52319,2195
2020,0500000US51035,Carroll County,Virginia,51,35,44518,3022
2020,0500000US51036,Charles City County,Virginia,51,36,60096,5918
2020,0500000US51037,Charlotte County,Virginia,51,37,40924,4516
2020,0500000US51043,Clarke County,Virginia,51,43,86154,13118
2020,0500000US51045,Craig County,Virginia,51,45,57792,14772
2020,0500000US51049,Cumberland County,Virginia,51,49,50565,8447
2020,0500000US51051,Dickenson County,Virginia,51,51,30116,4017
2020,0500000US51057,Essex County,Virginia,51,57,51125,5221
2020,0500000US51059,Fairfax County,Virginia,51,59,127866,1462
2020,0500000US51063,Floyd County,Virginia,51,63,51250,4673
2020,0500000US51065,Fluvanna County,Virginia,51,65,78885,4581
2020,0500000US51069,Frederick County,Virginia,51,69,80011,3351
2020,0500000US51071,Giles County,Virginia,51,71,57279,3121
2020,0500000US51075,Goochland County,Virginia,51,75,97146,8582
2020,0500000US51077,Grayson County,Virginia,51,77,41558,4019
2020,0500000US51081,Greensville County,Virginia,51,81,49756,5874
2020,0500000US51083,Halifax County,Virginia,51,83,43714,2535
2020,0500000US51087,Henrico County,Virginia,51,87,72295,1863
2020,0500000US51089,Henry County,Virginia,51,89,38511,2064
2020,0500000US51093,Isle of Wight County,Virginia,51,93,77870,5219
2020,0500000US51095,James City County,Virginia,51,95,91675,4509
2020,0500000US51097,King and Queen County,Virginia,51,97,65385,12801
2020,0500000US51099,King George County,Virginia,51,99,96711,6085
2020,0500000US51101,King William County,Virginia,51,101,73284,6077
2020,0500000US51103,Lancaster County,Virginia,51,103,59736,8165
2020,0500000US51105,Lee County,Virginia,51,105,35006,4424
2020,0500000US51107,Loudoun County,Virginia,51,107,147111,3537
2020,0500000US51109,Louisa County,Virginia,51,109,67027,6008
2020,0500000US51111,Lunenburg County,Virginia,51,111,45884,5418
2020,0500000US51113,Madison County,Virginia,51,113,63482,5830
2020,0500000US51115,Mathews County,Virginia,51,115,74489,16802
2020,0500000US51117,Mecklenburg County,Virginia,51,117,50224,2884
2020,0500000US51119,Middlesex County,Virginia,51,119,57060,2970
2020,0500000US51121,Montgomery County,Virginia,51,121,59126,2531
2020,0500000US51125,Nelson County,Virginia,51,125,62203,10320
2020,0500000US51127,New Kent County,Virginia,51,127,97688,10453
2020,0500000US51131,Northampton County,Virginia,51,131,50819,8343
2020,0500000US51133,Northumberland County,Virginia,51,133,59437,6569
2020,0500000US51135,Nottoway County,Virginia,51,135,49983,5315
2020,0500000US51137,Orange County,Virginia,51,137,74446,4522
2020,0500000US51139,Page County,Virginia,51,139,51878,3159
2020,0500000US51141,Patrick County,Virginia,51,141,46941,6316
2020,0500000US51145,Powhatan County,Virginia,51,145,93833,5342
2020,0500000US51147,Prince Edward County,Virginia,51,147,44253,7932
2020,0500000US51149,Prince George County,Virginia,51,149,75123,5629
2020,0500000US51155,Pulaski County,Virginia,51,155,53689,2940
2020,0500000US51157,Rappahannock County,Virginia,51,157,82077,8789
2020,0500000US51161,Roanoke County,Virginia,51,161,70076,1930
2020,0500000US51163,Rockbridge County,Virginia,51,163,54133,4062
2020,0500000US51167,Russell County,Virginia,51,167,38564,4069
2020,0500000US51169,Scott County,Virginia,51,169,41540,2652
2020,0500000US51173,Smyth County,Virginia,51,173,41088,2716
2020,0500000US51175,Southampton County,Virginia,51,175,63034,5660
2020,0500000US51179,Stafford County,Virginia,51,179,112247,3806
2020,0500000US51181,Surry County,Virginia,51,181,56525,4961
2020,0500000US51185,Tazewell County,Virginia,51,185,42207,3080
2020,0500000US51187,Warren County,Virginia,51,187,70109,5763
2020,0500000US51193,Westmoreland County,Virginia,51,193,53790,6784
2020,0500000US51195,Wise County,Virginia,51,195,41285,4656
2020,0500000US51199,York County,Virginia,51,199,93356,2997
2020,0500000US51510,Alexandria city,Virginia,51,510,102227,2530
2020,0500000US51530,Buena Vista city,Virginia,51,530,36634,6924
2020,0500000US51540,Charlottesville city,Virginia,51,540,59598,4877
2020,0500000US51570,Colonial Heights city,Virginia,51,570,60522,5888
2020,0500000US51580,Covington city,Virginia,51,580,41024,4817
2020,0500000US51590,Danville city,Virginia,51,590,37147,2784
2020,0500000US51600,Fairfax city,Virginia,51,600,109708,10496
2020,0500000US51610,Falls Church city,Virginia,51,610,146922,10939
2020,0500000US51630,Fredericksburg city,Virginia,51,630,69528,6038
2020,0500000US51640,Galax city,Virginia,51,640,35184,4709
2020,0500000US51660,Harrisonburg city,Virginia,51,660,49117,2123
2020,0500000US51670,Hopewell city,Virginia,51,670,43262,3530
2020,0500000US51680,Lynchburg city,Virginia,51,680,49201,1690
2020,0500000US51683,Manassas city,Virginia,51,683,86227,3359
2020,0500000US51690,Martinsville city,Virginia,51,690,36166,4646
2020,0500000US51700,Newport News city,Virginia,51,700,54511,1746
2020,0500000US51720,Norton city,Virginia,51,720,30518,11320
2020,0500000US51730,Petersburg city,Virginia,51,730,43029,2641
2020,0500000US51740,Portsmouth city,Virginia,51,740,53213,1956
2020,0500000US51750,Radford city,Virginia,51,750,34576,5609
2020,0500000US51770,Roanoke city,Virginia,51,770,45664,1641
2020,0500000US51775,Salem city,Virginia,51,775,63411,5173
2020,0500000US51790,Staunton city,Virginia,51,790,52292,3116
2020,0500000US51800,Suffolk city,Virginia,51,800,79899,3566
2020,0500000US51810,Virginia Beach city,Virginia,51,810,78136,1419
2020,0500000US51820,Waynesboro city,Virginia,51,820,43480,3487
2020,0500000US51830,Williamsburg city,Virginia,51,830,59288,5801
2020,0500000US51840,Winchester city,Virginia,51,840,61102,4170
2020,0500000US51003,Albemarle County,Virginia,51,3,84643,3217
2020,0500000US51009,Amherst County,Virginia,51,9,57368,4546
2020,0500000US51015,Augusta County,Virginia,51,15,65076,3262
2020,0500000US51021,Bland County,Virginia,51,21,50365,6513
2020,0500000US51027,Buchanan County,Virginia,51,27,34302,3605
2020,0500000US51033,Caroline County,Virginia,51,33,67901,5308
2020,0500000US51041,Chesterfield County,Virginia,51,41,84645,1549
2020,0500000US51047,Culpeper County,Virginia,51,47,80663,3922
2020,0500000US51053,Dinwiddie County,Virginia,51,53,65485,3706
2020,0500000US51061,Fauquier County,Virginia,51,61,105665,5673
2020,0500000US51067,Franklin County,Virginia,51,67,56779,2707
2020,0500000US51073,Gloucester County,Virginia,51,73,71649,4174
2020,0500000US51079,Greene County,Virginia,51,79,67266,4701
2020,0500000US51085,Hanover County,Virginia,51,85,91444,3201
2020,0500000US51091,Highland County,Virginia,51,91,51831,3904
2020,0500000US51143,Pittsylvania County,Virginia,51,143,49520,2158
2020,0500000US51153,Prince William County,Virginia,51,153,107707,1639
2020,0500000US51159,Richmond County,Virginia,51,159,53298,5454
2020,0500000US51165,Rockingham County,Virginia,51,165,64496,2047
2020,0500000US51171,Shenandoah County,Virginia,51,171,56114,3163
2020,0500000US51177,Spotsylvania County,Virginia,51,177,90913,3066
2020,0500000US51183,Sussex County,Virginia,51,183,51701,4106
2020,0500000US51191,Washington County,Virginia,51,191,50928,2680
2020,0500000US51197,Wythe County,Virginia,51,197,51639,4880
2020,0500000US51520,Bristol city,Virginia,51,520,39679,4383
2020,0500000US51550,Chesapeake city,Virginia,51,550,81261,2200
2020,0500000US51595,Emporia city,Virginia,51,595,30058,6086
2020,0500000US51620,Franklin city,Virginia,51,620,49811,5437
2020,0500000US51650,Hampton city,Virginia,51,650,57041,2127
2020,0500000US51678,Lexington city,Virginia,51,678,50714,16894
2020,0500000US51685,Manassas Park city,Virginia,51,685,81639,11805
2020,0500000US51710,Norfolk city,Virginia,51,710,53026,1033
2020,0500000US51735,Poquoson city,Virginia,51,735,100696,6185
2020,0500000US51760,Richmond city,Virginia,51,760,51421,1853
2021,0500000US51001,Accomack County,Virginia,51,1,50601,5803
2021,0500000US51003,Albemarle County,Virginia,51,3,90568,3359
2021,0500000US51005,Alleghany County,Virginia,51,5,49705,5345
2021,0500000US51007,Amelia County,Virginia,51,7,57420,10638
2021,0500000US51009,Amherst County,Virginia,51,9,60876,3561
2021,0500000US51011,Appomattox County,Virginia,51,11,55268,5351
2021,0500000US51013,Arlington County,Virginia,51,13,128145,2836
2021,0500000US51015,Augusta County,Virginia,51,15,69082,2561
2021,0500000US51017,Bath County,Virginia,51,17,55807,13393
2021,0500000US51019,Bedford County,Virginia,51,19,70870,3382
2021,0500000US51021,Bland County,Virginia,51,21,54556,5027
2021,0500000US51023,Botetourt County,Virginia,51,23,72941,4207
2021,0500000US51025,Brunswick County,Virginia,51,25,49597,3887
2021,0500000US51027,Buchanan County,Virginia,51,27,37093,4611
2021,0500000US51029,Buckingham County,Virginia,51,29,49841,5835
2021,0500000US51031,Campbell County,Virginia,51,31,53918,1851
2021,0500000US51033,Caroline County,Virginia,51,33,76528,5600
2021,0500000US51035,Carroll County,Virginia,51,35,45220,3266
2021,0500000US51036,Charles City County,Virginia,51,36,59543,3173
2021,0500000US51037,Charlotte County,Virginia,51,37,45567,5360
2021,0500000US51041,Chesterfield County,Virginia,51,41,88315,1599
2021,0500000US51043,Clarke County,Virginia,51,43,86633,13266
2021,0500000US51045,Craig County,Virginia,51,45,60283,19100
2021,0500000US51047,Culpeper County,Virginia,51,47,85274,5034
2021,0500000US51049,Cumberland County,Virginia,51,49,57568,7018
2021,0500000US51051,Dickenson County,Virginia,51,51,33905,3385
2021,0500000US51053,Dinwiddie County,Virginia,51,53,68918,6684
2021,0500000US51057,Essex County,Virginia,51,57,54375,6628
2021,0500000US51059,Fairfax County,Virginia,51,59,133974,1433
2021,0500000US51061,Fauquier County,Virginia,51,61,111368,5595
2021,0500000US51063,Floyd County,Virginia,51,63,51612,4430
2021,0500000US51065,Fluvanna County,Virginia,51,65,82983,5151
2021,0500000US51067,Franklin County,Virginia,51,67,59667,3346
2021,0500000US51069,Frederick County,Virginia,51,69,84317,3373
2021,0500000US51071,Giles County,Virginia,51,71,57911,3340
2021,0500000US51073,Gloucester County,Virginia,51,73,77733,4866
2021,0500000US51075,Goochland County,Virginia,51,75,100517,7123
2021,0500000US51077,Grayson County,Virginia,51,77,43022,3737
2021,0500000US51079,Greene County,Virginia,51,79,73844,5756
2021,0500000US51081,Greensville County,Virginia,51,81,53063,6883
2021,0500000US51083,Halifax County,Virginia,51,83,45962,2305
2021,0500000US51085,Hanover County,Virginia,51,85,96911,2936
2021,0500000US51087,Henrico County,Virginia,51,87,76345,1353
2021,0500000US51089,Henry County,Virginia,51,89,41103,2000
2021,0500000US51091,Highland County,Virginia,51,91,52901,4671
2021,0500000US51093,Isle of Wight County,Virginia,51,93,84673,3779
2021,0500000US51095,James City County,Virginia,51,95,94907,4180
2021,0500000US51097,King and Queen County,Virginia,51,97,61672,15795
2021,0500000US51099,King George County,Virginia,51,99,101599,7080
2021,0500000US51101,King William County,Virginia,51,101,74592,7261
2021,0500000US51103,Lancaster County,Virginia,51,103,64460,8707
2021,0500000US51105,Lee County,Virginia,51,105,37574,4430
2021,0500000US51107,Loudoun County,Virginia,51,107,156821,2662
2021,0500000US51109,Louisa County,Virginia,51,109,70974,4532
2021,0500000US51111,Lunenburg County,Virginia,51,111,47269,6626
2021,0500000US51113,Madison County,Virginia,51,113,72349,6883
2021,0500000US51115,Mathews County,Virginia,51,115,73229,13658
2021,0500000US51117,Mecklenburg County,Virginia,51,117,46378,3677
2021,0500000US51119,Middlesex County,Virginia,51,119,63782,7152
2021,0500000US51121,Montgomery County,Virginia,51,121,60666,2757
2021,0500000US51125,Nelson County,Virginia,51,125,67707,12136
2021,0500000US51127,New Kent County,Virginia,51,127,101628,8239
2021,0500000US51131,Northampton County,Virginia,51,131,50347,6124
2021,0500000US51133,Northumberland County,Virginia,51,133,61291,7873
2021,0500000US51135,Nottoway County,Virginia,51,135,54614,7054
2021,0500000US51137,Orange County,Virginia,51,137,79211,3317
2021,0500000US51139,Page County,Virginia,51,139,53168,4306
2021,0500000US51141,Patrick County,Virginia,51,141,47215,5083
2021,0500000US51143,Pittsylvania County,Virginia,51,143,49486,3160
2021,0500000US51145,Powhatan County,Virginia,51,145,101395,8973
2021,0500000US51147,Prince Edward County,Virginia,51,147,49019,6677
2021,0500000US51149,Prince George County,Virginia,51,149,78895,5528
2021,0500000US51153,Prince William County,Virginia,51,153,113831,2054
2021,0500000US51155,Pulaski County,Virginia,51,155,55446,3671
2021,0500000US51157,Rappahannock County,Virginia,51,157,90307,13261
2021,0500000US51159,Richmond County,Virginia,51,159,57697,9428
2021,0500000US51161,Roanoke County,Virginia,51,161,74622,1782
2021,0500000US51163,Rockbridge County,Virginia,51,163,57828,3580
2021,0500000US51165,Rockingham County,Virginia,51,165,67484,2008
2021,0500000US51167,Russell County,Virginia,51,167,41100,3750
2021,0500000US51169,Scott County,Virginia,51,169,42561,3180
2021,0500000US51171,Shenandoah County,Virginia,51,171,58609,3681
2021,0500000US51173,Smyth County,Virginia,51,173,42588,2759
2021,0500000US51175,Southampton County,Virginia,51,175,65079,5393
2021,0500000US51177,Spotsylvania County,Virginia,51,177,98973,4343
2021,0500000US51179,Stafford County,Virginia,51,179,119818,3302
2021,0500000US51181,Surry County,Virginia,51,181,61105,8842
2021,0500000US51183,Sussex County,Virginia,51,183,56968,7431
2021,0500000US51185,Tazewell County,Virginia,51,185,42937,3086
2021,0500000US51187,Warren County,Virginia,51,187,72840,7564
2021,0500000US51191,Washington County,Virginia,51,191,54737,2885
2021,0500000US51193,Westmoreland County,Virginia,51,193,53113,6554
2021,0500000US51195,Wise County,Virginia,51,195,44884,4504
2021,0500000US51197,Wythe County,Virginia,51,197,52726,4258
2021,0500000US51199,York County,Virginia,51,199,96144,3139
2021,0500000US51510,Alexandria city,Virginia,51,510,105450,2219
2021,0500000US51520,Bristol city,Virginia,51,520,43879,3732
2021,0500000US51530,Buena Vista city,Virginia,51,530,42156,11253
2021,0500000US51540,Charlottesville city,Virginia,51,540,63470,4255
2021,0500000US51550,Chesapeake city,Virginia,51,550,85563,1957
2021,0500000US51570,Colonial Heights city,Virginia,51,570,65570,3801
2021,0500000US51580,Covington city,Virginia,51,580,41242,2930
2021,0500000US51590,Danville city,Virginia,51,590,38904,2581
2021,0500000US51595,Emporia city,Virginia,51,595,36111,8674
2021,0500000US51600,Fairfax city,Virginia,51,600,118492,9608
2021,0500000US51610,Falls Church city,Virginia,51,610,155071,17392
2021,0500000US51620,Franklin city,Virginia,51,620,49424,5658
2021,0500000US51630,Fredericksburg city,Virginia,51,630,72293,6523
2021,0500000US51640,Galax city,Virginia,51,640,39808,6250
2021,0500000US51650,Hampton city,Virginia,51,650,59380,1790
2021,0500000US51660,Harrisonburg city,Virginia,51,660,51055,1942
2021,0500000US51670,Hopewell city,Virginia,51,670,44209,5384
2021,0500000US51678,Lexington city,Virginia,51,678,66114,21009
2021,0500000US51680,Lynchburg city,Virginia,51,680,54015,3223
2021,0500000US51683,Manassas city,Virginia,51,683,101934,9101
2021,0500000US51685,Manassas Park city,Virginia,51,685,90544,9067
2021,0500000US51690,Martinsville city,Virginia,51,690,36832,3838
2021,0500000US51700,Newport News city,Virginia,51,700,57463,2050
2021,0500000US51710,Norfolk city,Virginia,51,710,56244,1303
2021,0500000US51720,Norton city,Virginia,51,720,35592,10945
2021,0500000US51730,Petersburg city,Virginia,51,730,44890,2325
2021,0500000US51735,Poquoson city,Virginia,51,735,112026,8530
2021,0500000US51740,Portsmouth city,Virginia,51,740,54020,2249
2021,0500000US51750,Radford city,Virginia,51,750,44360,11359
2021,0500000US51760,Richmond city,Virginia,51,760,54795,1737
2021,0500000US51770,Roanoke city,Virginia,51,770,48476,2257
2021,0500000US51775,Salem city,Virginia,51,775,66472,6799
2021,0500000US51790,Staunton city,Virginia,51,790,53041,4449
2021,0500000US51800,Suffolk city,Virginia,51,800,81883,3471
2021,0500000US51810,Virginia Beach city,Virginia,51,810,81810,1205
2021,0500000US51820,Waynesboro city,Virginia,51,820,47238,6024
2021,0500000US51830,Williamsburg city,Virginia,51,830,65297,7470
2021,0500000US51840,Winchester city,Virginia,51,840,61321,4618
2022,0500000US51001,Accomack County,Virginia,51,1,52694,5883
2022,0500000US51003,Albemarle County,Virginia,51,3,97708,3686
2022,0500000US51005,Alleghany County,Virginia,51,5,52546,3958
2022,0500000US51007,Amelia County,Virginia,51,7,63438,15114
2022,0500000US51009,Amherst County,Virginia,51,9,64454,4514
2022,0500000US51011,Appomattox County,Virginia,51,11,60041,7091
2022,0500000US51013,Arlington County,Virginia,51,13,137387,2717
2022,0500000US51015,Augusta County,Virginia,51,15,76124,3172
2022,0500000US51017,Bath County,Virginia,51,17,55699,11901
2022,0500000US51019,Bedford County,Virginia,51,19,74773,3274
2022,0500000US51021,Bland County,Virginia,51,21,59901,2832
2022,0500000US51023,Botetourt County,Virginia,51,23,77680,5696
2022,0500000US51025,Brunswick County,Virginia,51,25,52678,3117
2022,0500000US51027,Buchanan County,Virginia,51,27,39591,2930
2022,0500000US51029,Buckingham County,Virginia,51,29,59894,8713
2022,0500000US51031,Campbell County,Virginia,51,31,59022,3716
2022,0500000US51033,Caroline County,Virginia,51,33,83562,7150
2022,0500000US51035,Carroll County,Virginia,51,35,49113,4799
2022,0500000US51036,Charles City County,Virginia,51,36,65573,3448
2022,0500000US51037,Charlotte County,Virginia,51,37,51548,9194
2022,0500000US51041,Chesterfield County,Virginia,51,41,95757,2126
2022,0500000US51043,Clarke County,Virginia,51,43,107475,15896
2022,0500000US51045,Craig County,Virginia,51,45,66286,8134
2022,0500000US51047,Culpeper County,Virginia,51,47,92359,4299
2022,0500000US51049,Cumberland County,Virginia,51,49,56497,8052
2022,0500000US51051,Dickenson County,Virginia,51,51,40143,2993
2022,0500000US51053,Dinwiddie County,Virginia,51,53,77225,7376
2022,0500000US51057,Essex County,Virginia,51,57,52335,8000
2022,0500000US51059,Fairfax County,Virginia,51,59,145165,1677
2022,0500000US51061,Fauquier County,Virginia,51,61,122785,6626
2022,0500000US51063,Floyd County,Virginia,51,63,57146,6227
2022,0500000US51065,Fluvanna County,Virginia,51,65,90766,5489
2022,0500000US51067,Franklin County,Virginia,51,67,66275,3805
2022,0500000US51069,Frederick County,Virginia,51,69,92443,4614
2022,0500000US51071,Giles County,Virginia,51,71,61987,3840
2022,0500000US51073,Gloucester County,Virginia,51,73,83750,4392
2022,0500000US51075,Goochland County,Virginia,51,75,105600,8544
2022,0500000US51077,Grayson County,Virginia,51,77,43348,4570
2022,0500000US51079,Greene County,Virginia,51,79,81338,5401
2022,0500000US51081,Greensville County,Virginia,51,81,51823,7174
2022,0500000US51083,Halifax County,Virginia,51,83,49145,2546
2022,0500000US51085,Hanover County,Virginia,51,85,104678,3515
2022,0500000US51087,Henrico County,Virginia,51,87,82424,1734
2022,0500000US51089,Henry County,Virginia,51,89,43694,2612
2022,0500000US51091,Highland County,Virginia,51,91,57070,8245
2022,0500000US51093,Isle of Wight County,Virginia,51,93,91680,3754
2022,0500000US51095,James City County,Virginia,51,95,100711,4670
2022,0500000US51097,King and Queen County,Virginia,51,97,70147,18853
2022,0500000US51099,King George County,Virginia,51,99,103264,8402
2022,0500000US51101,King William County,Virginia,51,101,79398,9419
2022,0500000US51103,Lancaster County,Virginia,51,103,62674,4452
2022,0500000US51105,Lee County,Virginia,51,105,41619,5140
2022,0500000US51107,Loudoun County,Virginia,51,107,170463,3497
2022,0500000US51109,Louisa County,Virginia,51,109,76594,7338
2022,0500000US51111,Lunenburg County,Virginia,51,111,54438,7866
2022,0500000US51113,Madison County,Virginia,51,113,74586,6473
2022,0500000US51115,Mathews County,Virginia,51,115,79054,14979
2022,0500000US51117,Mecklenburg County,Virginia,51,117,51265,4199
2022,0500000US51119,Middlesex County,Virginia,51,119,69389,6513
2022,0500000US51121,Montgomery County,Virginia,51,121,65270,3554
2022,0500000US51125,Nelson County,Virginia,51,125,64028,11161
2022,0500000US51127,New Kent County,Virginia,51,127,113120,6953
2022,0500000US51131,Northampton County,Virginia,51,131,54693,7151
2022,0500000US51133,Northumberland County,Virginia,51,133,64655,9266
2022,0500000US51135,Nottoway County,Virginia,51,135,62366,8677
2022,0500000US51137,Orange County,Virginia,51,137,87309,8209
2022,0500000US51139,Page County,Virginia,51,139,56760,4228
2022,0500000US51141,Patrick County,Virginia,51,141,49180,5345
2022,0500000US51143,Pittsylvania County,Virginia,51,143,52619,3032
2022,0500000US51145,Powhatan County,Virginia,51,145,108089,4924
2022,0500000US51147,Prince Edward County,Virginia,51,147,57304,3789
2022,0500000US51149,Prince George County,Virginia,51,149,80318,5072
2022,0500000US51153,Prince William County,Virginia,51,153,123193,2696
2022,0500000US51155,Pulaski County,Virginia,51,155,59740,3839
2022,0500000US51157,Rappahannock County,Virginia,51,157,98663,11140
2022,0500000US51159,Richmond County,Virginia,51,159,62708,11642
2022,0500000US51161,Roanoke County,Virginia,51,161,80872,1889
2022,0500000US51163,Rockbridge County,Virginia,51,163,61903,3537
2022,0500000US51165,Rockingham County,Virginia,51,165,73232,2332
2022,0500000US51167,Russell County,Virginia,51,167,44088,3911
2022,0500000US51169,Scott County,Virginia,51,169,44535,2841
2022,0500000US51171,Shenandoah County,Virginia,51,171,62149,4154
2022,0500000US51173,Smyth County,Virginia,51,173,45061,3249
2022,0500000US51175,Southampton County,Virginia,51,175,67813,7247
2022,0500000US51177,Spotsylvania County,Virginia,51,177,105068,4750
2022,0500000US51179,Stafford County,Virginia,51,179,128036,4073
2022,0500000US51181,Surry County,Virginia,51,181,68655,7518
2022,0500000US51183,Sussex County,Virginia,51,183,59195,6893
2022,0500000US51185,Tazewell County,Virginia,51,185,46508,3300
2022,0500000US51187,Warren County,Virginia,51,187,79313,7029
2022,0500000US51191,Washington County,Virginia,51,191,59116,2547
2022,0500000US51193,Westmoreland County,Virginia,51,193,56647,6946
2022,0500000US51195,Wise County,Virginia,51,195,47541,3057
2022,0500000US51197,Wythe County,Virginia,51,197,53921,4026
2022,0500000US51199,York County,Virginia,51,199,105154,3549
2022,0500000US51510,Alexandria city,Virginia,51,510,113179,2531
2022,0500000US51520,Bristol city,Virginia,51,520,45250,3145
2022,0500000US51530,Buena Vista city,Virginia,51,530,48783,6971
2022,0500000US51540,Charlottesville city,Virginia,51,540,67177,5125
2022,0500000US51550,Chesapeake city,Virginia,51,550,92703,2198
2022,0500000US51570,Colonial Heights city,Virginia,51,570,72216,5437
2022,0500000US51580,Covington city,Virginia,51,580,45737,7034
2022,0500000US51590,Danville city,Virginia,51,590,41484,3434
2022,0500000US51595,Emporia city,Virginia,51,595,41442,5963
2022,0500000US51600,Fairfax city,Virginia,51,600,128708,12089
2022,0500000US51610,Falls Church city,Virginia,51,610,164536,13182
2022,0500000US51620,Franklin city,Virginia,51,620,57537,5197
2022,0500000US51630,Fredericksburg city,Virginia,51,630,83445,5309
2022,0500000US51640,Galax city,Virginia,51,640,44612,9343
2022,0500000US51650,Hampton city,Virginia,51,650,64430,1991
2022,0500000US51660,Harrisonburg city,Virginia,51,660,56050,1802
2022,0500000US51670,Hopewell city,Virginia,51,670,50661,5284
2022,0500000US51678,Lexington city,Virginia,51,678,93651,19616
2022,0500000US51680,Lynchburg city,Virginia,51,680,56243,2807
2022,0500000US51683,Manassas city,Virginia,51,683,110559,8526
2022,0500000US51685,Manassas Park city,Virginia,51,685,91673,14807
2022,0500000US51690,Martinsville city,Virginia,51,690,39127,3628
2022,0500000US51700,Newport News city,Virginia,51,700,63355,2100
2022,0500000US51710,Norfolk city,Virginia,51,710,60998,1879
2022,0500000US51720,Norton city,Virginia,51,720,36974,9394
2022,0500000US51730,Petersburg city,Virginia,51,730,46930,3098
2022,0500000US51735,Poquoson city,Virginia,51,735,114503,8375
2022,0500000US51740,Portsmouth city,Virginia,51,740,57154,2467
2022,0500000US51750,Radford city,Virginia,51,750,51039,7281
2022,0500000US51760,Richmond city,Virginia,51,760,59606,2362
2022,0500000US51770,Roanoke city,Virginia,51,770,51523,2303
2022,0500000US51775,Salem city,Virginia,51,775,68402,4772
2022,0500000US51790,Staunton city,Virginia,51,790,59731,5343
2022,0500000US51800,Suffolk city,Virginia,51,800,87758,3707
2022,0500000US51810,Virginia Beach city,Virginia,51,810,87544,1964
2022,0500000US51820,Waynesboro city,Virginia,51,820,52519,4615
2022,0500000US51830,Williamsburg city,Virginia,51,830,66815,4892
2022,0500000US51840,Winchester city,Virginia,51,840,62495,4330
